method,rep,seed,N,steps,dt,T,cost_scale,cd_scale,mix_scale,shots,sample_elapsed_s,shots_per_s,unique,bestE_sample,q10,q50,q90,status,error
DAQO,0,2011234,20,10,0.05,0.5,0.05,0.0,1.0,3000,6.750521691999893,444.41009700855096,2993.0,46.0,118.0,214.0,442.0,ok,
DCQO,0,2011234,20,10,0.05,0.5,0.05,0.1,1.0,1000,,,,,,,,skipped,DCQO_MAX_N
RANDOM,0,2011234,20,10,0.05,0.5,0.05,0.0,1.0,3000,0.0032914590010477696,911449.9068786852,nan,46.0,102.0,166.0,294.0,ok,
DAQO,1,2011251,20,10,0.05,0.5,0.05,0.0,1.0,3000,6.618745289000799,453.2581129818482,2994.0,54.0,122.0,214.0,442.0,ok,
DCQO,1,2011251,20,10,0.05,0.5,0.05,0.1,1.0,1000,,,,,,,,skipped,DCQO_MAX_N
RANDOM,1,2011251,20,10,0.05,0.5,0.05,0.0,1.0,3000,0.0033394910005881684,898340.4954442532,nan,42.0,102.0,170.0,306.0,ok,
DAQO,2,2011268,20,10,0.05,0.5,0.05,0.0,1.0,3000,6.620618944001762,453.12983957760935,2996.0,54.0,122.0,214.0,430.0,ok,
DCQO,2,2011268,20,10,0.05,0.5,0.05,0.1,1.0,1000,,,,,,,,skipped,DCQO_MAX_N
RANDOM,2,2011268,20,10,0.05,0.5,0.05,0.0,1.0,3000,0.003329291999762063,901092.4845926411,nan,50.0,102.0,170.0,302.0,ok,
DAQO,3,2011285,20,10,0.05,0.5,0.05,0.0,1.0,3000,6.645261334000679,451.44951405453537,2997.0,54.0,118.0,210.0,434.0,ok,
DCQO,3,2011285,20,10,0.05,0.5,0.05,0.1,1.0,1000,,,,,,,,skipped,DCQO_MAX_N
RANDOM,3,2011285,20,10,0.05,0.5,0.05,0.0,1.0,3000,0.0032617839988233754,919742.0801261491,nan,46.0,102.0,170.0,298.0,ok,
DAQO,4,2011302,20,10,0.05,0.5,0.05,0.0,1.0,3000,6.673526622000281,449.53742899744344,2995.0,46.0,122.0,210.0,426.0,ok,
DCQO,4,2011302,20,10,0.05,0.5,0.05,0.1,1.0,1000,,,,,,,,skipped,DCQO_MAX_N
RANDOM,4,2011302,20,10,0.05,0.5,0.05,0.0,1.0,3000,0.0033207249998667976,903417.1755024391,nan,54.0,102.0,166.0,290.0,ok,
DAQO,5,2011319,20,10,0.05,0.5,0.05,0.0,1.0,3000,6.6477955959999235,451.2774131932011,2989.0,58.0,118.0,214.0,446.0,ok,
DCQO,5,2011319,20,10,0.05,0.5,0.05,0.1,1.0,1000,,,,,,,,skipped,DCQO_MAX_N
RANDOM,5,2011319,20,10,0.05,0.5,0.05,0.0,1.0,3000,0.0036027099995408207,832706.4904980866,nan,50.0,102.0,166.0,298.0,ok,
DAQO,6,2011336,20,10,0.05,0.5,0.05,0.0,1.0,3000,6.650523422000333,451.09231403889487,2989.0,46.0,122.0,218.0,450.0,ok,
DCQO,6,2011336,20,10,0.05,0.5,0.05,0.1,1.0,1000,,,,,,,,skipped,DCQO_MAX_N
RANDOM,6,2011336,20,10,0.05,0.5,0.05,0.0,1.0,3000,0.003533459999744082,849026.1670479589,nan,50.0,102.0,170.0,302.0,ok,
DAQO,7,2011353,20,10,0.05,0.5,0.05,0.0,1.0,3000,6.65561814099965,450.7470134921849,2989.0,50.0,122.0,214.0,458.0,ok,
DCQO,7,2011353,20,10,0.05,0.5,0.05,0.1,1.0,1000,,,,,,,,skipped,DCQO_MAX_N
RANDOM,7,2011353,20,10,0.05,0.5,0.05,0.0,1.0,3000,0.003264599999965867,918948.7226708835,nan,54.0,102.0,170.0,290.0,ok,
DAQO,8,2011370,20,10,0.05,0.5,0.05,0.0,1.0,3000,6.655759182000111,450.7374617929724,2994.0,42.0,122.0,214.0,430.0,ok,
DCQO,8,2011370,20,10,0.05,0.5,0.05,0.1,1.0,1000,,,,,,,,skipped,DCQO_MAX_N
RANDOM,8,2011370,20,10,0.05,0.5,0.05,0.0,1.0,3000,0.0033676530001685023,890828.122686599,nan,50.0,102.0,170.0,302.0,ok,
DAQO,9,2011387,20,10,0.05,0.5,0.05,0.0,1.0,3000,6.681841764000637,448.978007255862,2989.0,54.0,122.0,214.0,438.0,ok,
DCQO,9,2011387,20,10,0.05,0.5,0.05,0.1,1.0,1000,,,,,,,,skipped,DCQO_MAX_N
RANDOM,9,2011387,20,10,0.05,0.5,0.05,0.0,1.0,3000,0.0036184370001137722,829087.2550511928,nan,54.0,102.0,170.0,298.0,ok,
DAQO,10,2011404,20,10,0.05,0.5,0.05,0.0,1.0,3000,6.6364349920004315,452.04993398054893,2994.0,50.0,122.0,214.0,446.0,ok,
DCQO,10,2011404,20,10,0.05,0.5,0.05,0.1,1.0,1000,,,,,,,,skipped,DCQO_MAX_N
RANDOM,10,2011404,20,10,0.05,0.5,0.05,0.0,1.0,3000,0.003325288000269211,902177.4955303492,nan,54.0,102.0,174.0,302.0,ok,
DAQO,11,2011421,20,10,0.05,0.5,0.05,0.0,1.0,3000,6.652700504000677,450.9446950446538,2996.0,54.0,122.0,218.0,438.0,ok,
DCQO,11,2011421,20,10,0.05,0.5,0.05,0.1,1.0,1000,,,,,,,,skipped,DCQO_MAX_N
RANDOM,11,2011421,20,10,0.05,0.5,0.05,0.0,1.0,3000,0.0035775400010606973,838565.0472421094,nan,50.0,102.0,170.0,302.0,ok,
DAQO,12,2011438,20,10,0.05,0.5,0.05,0.0,1.0,3000,6.639679857000374,451.8290135385109,2993.0,50.0,126.0,214.0,446.0,ok,
DCQO,12,2011438,20,10,0.05,0.5,0.05,0.1,1.0,1000,,,,,,,,skipped,DCQO_MAX_N
RANDOM,12,2011438,20,10,0.05,0.5,0.05,0.0,1.0,3000,0.003332504998979857,900223.7058664148,nan,50.0,102.0,166.0,302.0,ok,
DAQO,13,2011455,20,10,0.05,0.5,0.05,0.0,1.0,3000,6.666946108000047,449.9811385005992,2992.0,58.0,122.0,214.0,442.0,ok,
DCQO,13,2011455,20,10,0.05,0.5,0.05,0.1,1.0,1000,,,,,,,,skipped,DCQO_MAX_N
RANDOM,13,2011455,20,10,0.05,0.5,0.05,0.0,1.0,3000,0.003386677000889904,885824.0686111199,nan,42.0,102.0,170.0,298.0,ok,
DAQO,14,2011472,20,10,0.05,0.5,0.05,0.0,1.0,3000,6.641879401000551,451.67938453505667,2991.0,54.0,122.0,214.0,442.0,ok,
DCQO,14,2011472,20,10,0.05,0.5,0.05,0.1,1.0,1000,,,,,,,,skipped,DCQO_MAX_N
RANDOM,14,2011472,20,10,0.05,0.5,0.05,0.0,1.0,3000,0.0032564789999014465,921240.3949452128,nan,50.0,102.0,166.0,306.0,ok,
DAQO,15,2011489,20,10,0.05,0.5,0.05,0.0,1.0,3000,6.62956705400029,452.51823770147945,2997.0,50.0,118.0,210.0,438.0,ok,
DCQO,15,2011489,20,10,0.05,0.5,0.05,0.1,1.0,1000,,,,,,,,skipped,DCQO_MAX_N
RANDOM,15,2011489,20,10,0.05,0.5,0.05,0.0,1.0,3000,0.003301283999462612,908737.3278058914,nan,38.0,102.0,166.0,290.0,ok,
DAQO,16,2011506,20,10,0.05,0.5,0.05,0.0,1.0,3000,6.637305239999478,451.99066360856955,2990.0,38.0,122.0,218.0,442.0,ok,
DCQO,16,2011506,20,10,0.05,0.5,0.05,0.1,1.0,1000,,,,,,,,skipped,DCQO_MAX_N
RANDOM,16,2011506,20,10,0.05,0.5,0.05,0.0,1.0,3000,0.003338911999890115,898496.2766609995,nan,46.0,102.0,170.0,298.0,ok,
DAQO,17,2011523,20,10,0.05,0.5,0.05,0.0,1.0,3000,6.636184946999492,452.06696678283964,2988.0,50.0,118.0,214.0,430.0,ok,
DCQO,17,2011523,20,10,0.05,0.5,0.05,0.1,1.0,1000,,,,,,,,skipped,DCQO_MAX_N
RANDOM,17,2011523,20,10,0.05,0.5,0.05,0.0,1.0,3000,0.003355840999574866,893963.6890961324,nan,42.0,102.0,170.0,298.0,ok,
DAQO,18,2011540,20,10,0.05,0.5,0.05,0.0,1.0,3000,6.690377165999962,448.4052132734451,2995.0,38.0,122.0,210.0,438.0,ok,
DCQO,18,2011540,20,10,0.05,0.5,0.05,0.1,1.0,1000,,,,,,,,skipped,DCQO_MAX_N
RANDOM,18,2011540,20,10,0.05,0.5,0.05,0.0,1.0,3000,0.0035031490006076638,856372.3665421064,nan,38.0,102.0,166.0,294.0,ok,
DAQO,19,2011557,20,10,0.05,0.5,0.05,0.0,1.0,3000,6.659083571001247,450.51244184174215,2996.0,46.0,118.0,214.0,434.0,ok,
DCQO,19,2011557,20,10,0.05,0.5,0.05,0.1,1.0,1000,,,,,,,,skipped,DCQO_MAX_N
RANDOM,19,2011557,20,10,0.05,0.5,0.05,0.0,1.0,3000,0.003350941000462626,895270.9103460265,nan,54.0,102.0,170.0,298.0,ok,
DAQO,20,2011574,20,10,0.05,0.5,0.05,0.0,1.0,3000,6.656855278999501,450.66324477026757,2997.0,54.0,122.0,214.0,442.0,ok,
DCQO,20,2011574,20,10,0.05,0.5,0.05,0.1,1.0,1000,,,,,,,,skipped,DCQO_MAX_N
RANDOM,20,2011574,20,10,0.05,0.5,0.05,0.0,1.0,3000,0.003290108001237968,911824.1707783425,nan,50.0,102.0,170.0,302.0,ok,
DAQO,21,2011591,20,10,0.05,0.5,0.05,0.0,1.0,3000,6.672612365999157,449.59902290844076,2990.0,42.0,122.0,214.0,442.0,ok,
DCQO,21,2011591,20,10,0.05,0.5,0.05,0.1,1.0,1000,,,,,,,,skipped,DCQO_MAX_N
RANDOM,21,2011591,20,10,0.05,0.5,0.05,0.0,1.0,3000,0.0034795920000760816,862170.0475039616,nan,46.0,102.0,166.0,294.0,ok,
DAQO,22,2011608,20,10,0.05,0.5,0.05,0.0,1.0,3000,6.6493103970005905,451.1746062198055,2991.0,42.0,122.0,214.0,446.0,ok,
DCQO,22,2011608,20,10,0.05,0.5,0.05,0.1,1.0,1000,,,,,,,,skipped,DCQO_MAX_N
RANDOM,22,2011608,20,10,0.05,0.5,0.05,0.0,1.0,3000,0.0034102690005965997,879696.0003668842,nan,46.0,98.0,166.0,294.0,ok,
DAQO,23,2011625,20,10,0.05,0.5,0.05,0.0,1.0,3000,6.643008761999226,451.6025956734015,2994.0,58.0,126.0,214.0,430.0,ok,
DCQO,23,2011625,20,10,0.05,0.5,0.05,0.1,1.0,1000,,,,,,,,skipped,DCQO_MAX_N
RANDOM,23,2011625,20,10,0.05,0.5,0.05,0.0,1.0,3000,0.0032781679983600043,915145.288923824,nan,42.0,102.0,170.0,302.0,ok,
DAQO,24,2011642,20,10,0.05,0.5,0.05,0.0,1.0,3000,6.677246850998927,449.2869691572351,2992.0,50.0,122.0,214.0,454.0,ok,
DCQO,24,2011642,20,10,0.05,0.5,0.05,0.1,1.0,1000,,,,,,,,skipped,DCQO_MAX_N
RANDOM,24,2011642,20,10,0.05,0.5,0.05,0.0,1.0,3000,0.003568226999050239,840753.6854573756,nan,46.0,102.0,170.0,290.0,ok,
DAQO,25,2011659,20,10,0.05,0.5,0.05,0.0,1.0,3000,6.640948757998558,451.7426815538533,2992.0,62.0,122.0,214.0,438.0,ok,
DCQO,25,2011659,20,10,0.05,0.5,0.05,0.1,1.0,1000,,,,,,,,skipped,DCQO_MAX_N
RANDOM,25,2011659,20,10,0.05,0.5,0.05,0.0,1.0,3000,0.0033218240005226107,903118.2866786503,nan,46.0,102.0,170.0,286.0,ok,
DAQO,26,2011676,20,10,0.05,0.5,0.05,0.0,1.0,3000,6.615256974999284,453.497122082748,2991.0,42.0,122.0,214.0,458.0,ok,
DCQO,26,2011676,20,10,0.05,0.5,0.05,0.1,1.0,1000,,,,,,,,skipped,DCQO_MAX_N
RANDOM,26,2011676,20,10,0.05,0.5,0.05,0.0,1.0,3000,0.0033187310000357684,903959.9774635747,nan,46.0,102.0,166.0,294.0,ok,
DAQO,27,2011693,20,10,0.05,0.5,0.05,0.0,1.0,3000,6.638178347999201,451.9312140663144,2994.0,50.0,118.0,214.0,446.0,ok,
DCQO,27,2011693,20,10,0.05,0.5,0.05,0.1,1.0,1000,,,,,,,,skipped,DCQO_MAX_N
RANDOM,27,2011693,20,10,0.05,0.5,0.05,0.0,1.0,3000,0.0032555430007050745,921505.2602132026,nan,46.0,102.0,170.0,290.0,ok,
DAQO,28,2011710,20,10,0.05,0.5,0.05,0.0,1.0,3000,6.624603181000566,452.8573135677066,2996.0,58.0,118.0,218.0,450.0,ok,
DCQO,28,2011710,20,10,0.05,0.5,0.05,0.1,1.0,1000,,,,,,,,skipped,DCQO_MAX_N
RANDOM,28,2011710,20,10,0.05,0.5,0.05,0.0,1.0,3000,0.0033634039991738973,891953.5092236452,nan,42.0,106.0,170.0,302.0,ok,
DAQO,29,2011727,20,10,0.05,0.5,0.05,0.0,1.0,3000,6.634607674999643,452.17443848330663,2995.0,54.0,122.0,214.0,430.0,ok,
DCQO,29,2011727,20,10,0.05,0.5,0.05,0.1,1.0,1000,,,,,,,,skipped,DCQO_MAX_N
RANDOM,29,2011727,20,10,0.05,0.5,0.05,0.0,1.0,3000,0.0033673929992801277,890896.9047097657,nan,42.0,102.0,170.0,298.0,ok,
DAQO,30,2011744,20,10,0.05,0.5,0.05,0.0,1.0,3000,6.639611768001487,451.83364703008766,2995.0,50.0,118.0,210.0,414.0,ok,
DCQO,30,2011744,20,10,0.05,0.5,0.05,0.1,1.0,1000,,,,,,,,skipped,DCQO_MAX_N
RANDOM,30,2011744,20,10,0.05,0.5,0.05,0.0,1.0,3000,0.003463192000708659,866252.8671197329,nan,50.0,102.0,170.0,306.0,ok,
DAQO,31,2011761,20,10,0.05,0.5,0.05,0.0,1.0,3000,6.7476032260001375,444.6023127797851,2992.0,46.0,122.0,218.0,458.0,ok,
DCQO,31,2011761,20,10,0.05,0.5,0.05,0.1,1.0,1000,,,,,,,,skipped,DCQO_MAX_N
RANDOM,31,2011761,20,10,0.05,0.5,0.05,0.0,1.0,3000,0.003328090999275446,901417.6597494257,nan,34.0,102.0,170.0,306.0,ok,
DAQO,32,2011778,20,10,0.05,0.5,0.05,0.0,1.0,3000,6.702610083999389,447.5868299666816,2993.0,50.0,126.0,218.0,442.0,ok,
DCQO,32,2011778,20,10,0.05,0.5,0.05,0.1,1.0,1000,,,,,,,,skipped,DCQO_MAX_N
RANDOM,32,2011778,20,10,0.05,0.5,0.05,0.0,1.0,3000,0.003528629998982069,850188.316957412,nan,38.0,102.0,170.0,294.0,ok,
DAQO,33,2011795,20,10,0.05,0.5,0.05,0.0,1.0,3000,6.694061166999745,448.1584385259792,2998.0,58.0,122.0,214.0,430.0,ok,
DCQO,33,2011795,20,10,0.05,0.5,0.05,0.1,1.0,1000,,,,,,,,skipped,DCQO_MAX_N
RANDOM,33,2011795,20,10,0.05,0.5,0.05,0.0,1.0,3000,0.003411564999623806,879361.8179137171,nan,42.0,102.0,170.0,302.0,ok,
DAQO,34,2011812,20,10,0.05,0.5,0.05,0.0,1.0,3000,6.671153563000189,449.6973381993058,2996.0,38.0,122.0,218.0,446.0,ok,
DCQO,34,2011812,20,10,0.05,0.5,0.05,0.1,1.0,1000,,,,,,,,skipped,DCQO_MAX_N
RANDOM,34,2011812,20,10,0.05,0.5,0.05,0.0,1.0,3000,0.0034326530003454536,873959.58743808,nan,50.0,102.0,170.0,302.0,ok,
DAQO,35,2011829,20,10,0.05,0.5,0.05,0.0,1.0,3000,6.658997327000179,450.5182766534424,2989.0,50.0,122.0,218.0,458.0,ok,
DCQO,35,2011829,20,10,0.05,0.5,0.05,0.1,1.0,1000,,,,,,,,skipped,DCQO_MAX_N
RANDOM,35,2011829,20,10,0.05,0.5,0.05,0.0,1.0,3000,0.0036049190002813702,832196.2295868075,nan,38.0,106.0,170.0,302.0,ok,
DAQO,36,2011846,20,10,0.05,0.5,0.05,0.0,1.0,3000,6.6849716439992335,448.7677973462985,2993.0,38.0,126.0,218.0,462.0,ok,
DCQO,36,2011846,20,10,0.05,0.5,0.05,0.1,1.0,1000,,,,,,,,skipped,DCQO_MAX_N
RANDOM,36,2011846,20,10,0.05,0.5,0.05,0.0,1.0,3000,0.0032909740002651233,911584.23000556,nan,50.0,102.0,166.0,294.0,ok,
DAQO,37,2011863,20,10,0.05,0.5,0.05,0.0,1.0,3000,6.642459131999203,451.63996351108597,2994.0,38.0,118.0,214.0,430.0,ok,
DCQO,37,2011863,20,10,0.05,0.5,0.05,0.1,1.0,1000,,,,,,,,skipped,DCQO_MAX_N
RANDOM,37,2011863,20,10,0.05,0.5,0.05,0.0,1.0,3000,0.003486683001028723,860416.6192093946,nan,46.0,102.0,170.0,306.0,ok,
DAQO,38,2011880,20,10,0.05,0.5,0.05,0.0,1.0,3000,6.6541440000000875,450.84687076203346,2993.0,58.0,118.0,214.0,430.0,ok,
DCQO,38,2011880,20,10,0.05,0.5,0.05,0.1,1.0,1000,,,,,,,,skipped,DCQO_MAX_N
RANDOM,38,2011880,20,10,0.05,0.5,0.05,0.0,1.0,3000,0.0032539829990128055,921947.0417977418,nan,50.0,102.0,170.0,302.0,ok,
DAQO,39,2011897,20,10,0.05,0.5,0.05,0.0,1.0,3000,6.6307609579998825,452.43675937081684,2999.0,50.0,122.0,218.0,458.0,ok,
DCQO,39,2011897,20,10,0.05,0.5,0.05,0.1,1.0,1000,,,,,,,,skipped,DCQO_MAX_N
RANDOM,39,2011897,20,10,0.05,0.5,0.05,0.0,1.0,3000,0.0036470189988904167,822589.6275595854,nan,50.0,102.0,170.0,302.0,ok,
DAQO,40,2011914,20,10,0.05,0.5,0.05,0.0,1.0,3000,6.66263714300112,450.272157347095,2994.0,50.0,118.0,214.0,438.0,ok,
DCQO,40,2011914,20,10,0.05,0.5,0.05,0.1,1.0,1000,,,,,,,,skipped,DCQO_MAX_N
RANDOM,40,2011914,20,10,0.05,0.5,0.05,0.0,1.0,3000,0.003283330999693135,913706.2331761204,nan,42.0,102.0,170.0,310.0,ok,
DAQO,41,2011931,20,10,0.05,0.5,0.05,0.0,1.0,3000,6.632390733000648,452.3255822478858,2993.0,54.0,122.0,218.0,446.0,ok,
DCQO,41,2011931,20,10,0.05,0.5,0.05,0.1,1.0,1000,,,,,,,,skipped,DCQO_MAX_N
RANDOM,41,2011931,20,10,0.05,0.5,0.05,0.0,1.0,3000,0.003301471999293426,908685.5804447391,nan,50.0,102.0,166.0,298.0,ok,
DAQO,42,2011948,20,10,0.05,0.5,0.05,0.0,1.0,3000,6.630535182999665,452.4521652025674,2992.0,46.0,118.0,214.0,454.0,ok,
DCQO,42,2011948,20,10,0.05,0.5,0.05,0.1,1.0,1000,,,,,,,,skipped,DCQO_MAX_N
RANDOM,42,2011948,20,10,0.05,0.5,0.05,0.0,1.0,3000,0.0033386270006303675,898572.9760867473,nan,50.0,102.0,174.0,294.0,ok,
DAQO,43,2011965,20,10,0.05,0.5,0.05,0.0,1.0,3000,6.681954026000312,448.9704640778173,2990.0,50.0,122.0,218.0,450.0,ok,
DCQO,43,2011965,20,10,0.05,0.5,0.05,0.1,1.0,1000,,,,,,,,skipped,DCQO_MAX_N
RANDOM,43,2011965,20,10,0.05,0.5,0.05,0.0,1.0,3000,0.0032477000004291767,923730.6400232646,nan,54.0,102.0,170.0,302.0,ok,
DAQO,44,2011982,20,10,0.05,0.5,0.05,0.0,1.0,3000,6.656657816000006,450.6766132381285,2993.0,54.0,122.0,218.0,442.0,ok,
DCQO,44,2011982,20,10,0.05,0.5,0.05,0.1,1.0,1000,,,,,,,,skipped,DCQO_MAX_N
RANDOM,44,2011982,20,10,0.05,0.5,0.05,0.0,1.0,3000,0.003666647000500234,818186.2065234847,nan,42.0,102.0,170.0,298.0,ok,
DAQO,45,2011999,20,10,0.05,0.5,0.05,0.0,1.0,3000,6.652126948998557,450.98357608037446,2992.0,54.0,122.0,214.0,438.0,ok,
DCQO,45,2011999,20,10,0.05,0.5,0.05,0.1,1.0,1000,,,,,,,,skipped,DCQO_MAX_N
RANDOM,45,2011999,20,10,0.05,0.5,0.05,0.0,1.0,3000,0.003413666998312692,878820.3423130729,nan,46.0,102.0,170.0,290.0,ok,
DAQO,46,2012016,20,10,0.05,0.5,0.05,0.0,1.0,3000,6.64767918600046,451.2853156809653,2989.0,42.0,122.0,218.0,442.0,ok,
DCQO,46,2012016,20,10,0.05,0.5,0.05,0.1,1.0,1000,,,,,,,,skipped,DCQO_MAX_N
RANDOM,46,2012016,20,10,0.05,0.5,0.05,0.0,1.0,3000,0.003310031001092284,906335.9222345724,nan,34.0,102.0,170.0,294.0,ok,
DAQO,47,2012033,20,10,0.05,0.5,0.05,0.0,1.0,3000,6.634185000000798,452.20324727146425,2994.0,46.0,118.0,214.0,442.0,ok,
DCQO,47,2012033,20,10,0.05,0.5,0.05,0.1,1.0,1000,,,,,,,,skipped,DCQO_MAX_N
RANDOM,47,2012033,20,10,0.05,0.5,0.05,0.0,1.0,3000,0.0032923500002652872,911203.2438101263,nan,50.0,102.0,166.0,290.0,ok,
DAQO,48,2012050,20,10,0.05,0.5,0.05,0.0,1.0,3000,6.649121880000166,451.18739799666974,2990.0,54.0,122.0,214.0,442.0,ok,
DCQO,48,2012050,20,10,0.05,0.5,0.05,0.1,1.0,1000,,,,,,,,skipped,DCQO_MAX_N
RANDOM,48,2012050,20,10,0.05,0.5,0.05,0.0,1.0,3000,0.0033916000011231517,884538.2707296053,nan,54.0,102.0,170.0,298.0,ok,
DAQO,49,2012067,20,10,0.05,0.5,0.05,0.0,1.0,3000,6.626164384999356,452.75061493970037,2993.0,54.0,122.0,214.0,438.0,ok,
DCQO,49,2012067,20,10,0.05,0.5,0.05,0.1,1.0,1000,,,,,,,,skipped,DCQO_MAX_N
RANDOM,49,2012067,20,10,0.05,0.5,0.05,0.0,1.0,3000,0.0032346780008083442,927449.3471221252,nan,42.0,102.0,166.0,290.0,ok,
DAQO,0,2211234,22,10,0.05,0.5,0.05,0.0,1.0,3000,10.511560909999389,285.4000491160332,2998.0,71.0,151.0,271.0,535.0,ok,
DCQO,0,2211234,22,10,0.05,0.5,0.05,0.1,1.0,1000,,,,,,,,skipped,DCQO_MAX_N
RANDOM,0,2211234,22,10,0.05,0.5,0.05,0.0,1.0,3000,0.0034654209994187113,865695.6832959745,nan,63.0,127.0,207.0,367.0,ok,
DAQO,1,2211251,22,10,0.05,0.5,0.05,0.0,1.0,3000,10.378857953999614,289.04914329653343,2999.0,71.0,151.0,271.0,535.0,ok,
DCQO,1,2211251,22,10,0.05,0.5,0.05,0.1,1.0,1000,,,,,,,,skipped,DCQO_MAX_N
RANDOM,1,2211251,22,10,0.05,0.5,0.05,0.0,1.0,3000,0.003474778000963852,863364.5082269557,nan,63.0,127.0,207.0,351.0,ok,
DAQO,2,2211268,22,10,0.05,0.5,0.05,0.0,1.0,3000,10.387240230000316,288.8158869509374,2998.0,71.0,151.0,271.0,543.0,ok,
DCQO,2,2211268,22,10,0.05,0.5,0.05,0.1,1.0,1000,,,,,,,,skipped,DCQO_MAX_N
RANDOM,2,2211268,22,10,0.05,0.5,0.05,0.0,1.0,3000,0.0035260849999758648,850801.9517455008,nan,55.0,127.0,207.0,351.0,ok,
DAQO,3,2211285,22,10,0.05,0.5,0.05,0.0,1.0,3000,10.383912495000914,288.90844384949105,2997.0,55.0,151.0,271.0,559.0,ok,
DCQO,3,2211285,22,10,0.05,0.5,0.05,0.1,1.0,1000,,,,,,,,skipped,DCQO_MAX_N
RANDOM,3,2211285,22,10,0.05,0.5,0.05,0.0,1.0,3000,0.0034145689987781225,878588.1910933787,nan,63.0,127.0,207.0,367.0,ok,
DAQO,4,2211302,22,10,0.05,0.5,0.05,0.0,1.0,3000,10.324803552000958,290.56242909518573,3000.0,63.0,159.0,279.0,559.0,ok,
DCQO,4,2211302,22,10,0.05,0.5,0.05,0.1,1.0,1000,,,,,,,,skipped,DCQO_MAX_N
RANDOM,4,2211302,22,10,0.05,0.5,0.05,0.0,1.0,3000,0.0034000609994109254,882337.111163524,nan,63.0,127.0,207.0,359.0,ok,
DAQO,5,2211319,22,10,0.05,0.5,0.05,0.0,1.0,3000,10.343315215000985,290.04240300528386,2999.0,71.0,159.0,271.0,543.0,ok,
DCQO,5,2211319,22,10,0.05,0.5,0.05,0.1,1.0,1000,,,,,,,,skipped,DCQO_MAX_N
RANDOM,5,2211319,22,10,0.05,0.5,0.05,0.0,1.0,3000,0.0034314479999011382,874266.4904397302,nan,55.0,127.0,207.0,351.0,ok,
DAQO,6,2211336,22,10,0.05,0.5,0.05,0.0,1.0,3000,10.358861665999939,289.6071109672851,2998.0,71.0,151.0,271.0,551.0,ok,
DCQO,6,2211336,22,10,0.05,0.5,0.05,0.1,1.0,1000,,,,,,,,skipped,DCQO_MAX_N
RANDOM,6,2211336,22,10,0.05,0.5,0.05,0.0,1.0,3000,0.0033662280002317857,891205.2302438905,nan,47.0,127.0,207.0,343.0,ok,
DAQO,7,2211353,22,10,0.05,0.5,0.05,0.0,1.0,3000,10.370170862001032,289.2912797601793,2999.0,55.0,151.0,271.0,543.0,ok,
DCQO,7,2211353,22,10,0.05,0.5,0.05,0.1,1.0,1000,,,,,,,,skipped,DCQO_MAX_N
RANDOM,7,2211353,22,10,0.05,0.5,0.05,0.0,1.0,3000,0.003518892001011409,852541.0837097963,nan,63.0,127.0,207.0,343.0,ok,
DAQO,8,2211370,22,10,0.05,0.5,0.05,0.0,1.0,3000,10.380498452999745,289.00346294383036,2999.0,71.0,159.0,279.0,551.0,ok,
DCQO,8,2211370,22,10,0.05,0.5,0.05,0.1,1.0,1000,,,,,,,,skipped,DCQO_MAX_N
RANDOM,8,2211370,22,10,0.05,0.5,0.05,0.0,1.0,3000,0.003428099000302609,875120.5842465986,nan,55.0,127.0,207.0,367.0,ok,
DAQO,9,2211387,22,10,0.05,0.5,0.05,0.0,1.0,3000,10.373590658999092,289.1959109064612,2998.0,71.0,159.0,271.0,559.0,ok,
DCQO,9,2211387,22,10,0.05,0.5,0.05,0.1,1.0,1000,,,,,,,,skipped,DCQO_MAX_N
RANDOM,9,2211387,22,10,0.05,0.5,0.05,0.0,1.0,3000,0.003648344998509856,822290.6554137099,nan,71.0,127.0,207.0,359.0,ok,
DAQO,10,2211404,22,10,0.05,0.5,0.05,0.0,1.0,3000,10.339043121999566,290.16224853696144,2994.0,63.0,159.0,271.0,559.0,ok,
DCQO,10,2211404,22,10,0.05,0.5,0.05,0.1,1.0,1000,,,,,,,,skipped,DCQO_MAX_N
RANDOM,10,2211404,22,10,0.05,0.5,0.05,0.0,1.0,3000,0.0035200719994463725,852255.2949121018,nan,47.0,127.0,207.0,343.0,ok,
DAQO,11,2211421,22,10,0.05,0.5,0.05,0.0,1.0,3000,10.365280467998673,289.4277689120012,2998.0,71.0,151.0,263.0,519.0,ok,
DCQO,11,2211421,22,10,0.05,0.5,0.05,0.1,1.0,1000,,,,,,,,skipped,DCQO_MAX_N
RANDOM,11,2211421,22,10,0.05,0.5,0.05,0.0,1.0,3000,0.0034015109995380044,881960.9874574747,nan,63.0,135.0,207.0,359.0,ok,
DAQO,12,2211438,22,10,0.05,0.5,0.05,0.0,1.0,3000,10.341909057000521,290.0818391909254,2998.0,71.0,159.0,271.0,551.0,ok,
DCQO,12,2211438,22,10,0.05,0.5,0.05,0.1,1.0,1000,,,,,,,,skipped,DCQO_MAX_N
RANDOM,12,2211438,22,10,0.05,0.5,0.05,0.0,1.0,3000,0.003453880999586545,868588.1188029125,nan,55.0,127.0,207.0,351.0,ok,
DAQO,13,2211455,22,10,0.05,0.5,0.05,0.0,1.0,3000,10.334835691999615,290.2803769122672,3000.0,55.0,159.0,279.0,543.0,ok,
DCQO,13,2211455,22,10,0.05,0.5,0.05,0.1,1.0,1000,,,,,,,,skipped,DCQO_MAX_N
RANDOM,13,2211455,22,10,0.05,0.5,0.05,0.0,1.0,3000,0.003583777001040289,837105.6567217123,nan,63.0,127.0,207.0,359.0,ok,
DAQO,14,2211472,22,10,0.05,0.5,0.05,0.0,1.0,3000,10.359509956999318,289.588987553709,2998.0,63.0,159.0,279.0,535.0,ok,
DCQO,14,2211472,22,10,0.05,0.5,0.05,0.1,1.0,1000,,,,,,,,skipped,DCQO_MAX_N
RANDOM,14,2211472,22,10,0.05,0.5,0.05,0.0,1.0,3000,0.0035832399989885744,837231.109511726,nan,63.0,127.0,207.0,359.0,ok,
DAQO,15,2211489,22,10,0.05,0.5,0.05,0.0,1.0,3000,10.363632591001078,289.47378958657333,2997.0,71.0,159.0,271.0,559.0,ok,
DCQO,15,2211489,22,10,0.05,0.5,0.05,0.1,1.0,1000,,,,,,,,skipped,DCQO_MAX_N
RANDOM,15,2211489,22,10,0.05,0.5,0.05,0.0,1.0,3000,0.003477461001239135,862698.3879707063,nan,63.0,127.0,207.0,367.0,ok,
DAQO,16,2211506,22,10,0.05,0.5,0.05,0.0,1.0,3000,10.365524265998829,289.4209615466004,2998.0,63.0,159.0,271.0,551.0,ok,
DCQO,16,2211506,22,10,0.05,0.5,0.05,0.1,1.0,1000,,,,,,,,skipped,DCQO_MAX_N
RANDOM,16,2211506,22,10,0.05,0.5,0.05,0.0,1.0,3000,0.00340081699869188,882140.9682302653,nan,63.0,127.0,199.0,359.0,ok,
DAQO,17,2211523,22,10,0.05,0.5,0.05,0.0,1.0,3000,10.340282262999608,290.1274765713921,2998.0,55.0,151.0,271.0,543.0,ok,
DCQO,17,2211523,22,10,0.05,0.5,0.05,0.1,1.0,1000,,,,,,,,skipped,DCQO_MAX_N
RANDOM,17,2211523,22,10,0.05,0.5,0.05,0.0,1.0,3000,0.0034765119999065064,862933.8831796579,nan,55.0,127.0,207.0,351.0,ok,
DAQO,18,2211540,22,10,0.05,0.5,0.05,0.0,1.0,3000,10.355087361000187,289.712669281646,2998.0,71.0,159.0,279.0,551.0,ok,
DCQO,18,2211540,22,10,0.05,0.5,0.05,0.1,1.0,1000,,,,,,,,skipped,DCQO_MAX_N
RANDOM,18,2211540,22,10,0.05,0.5,0.05,0.0,1.0,3000,0.003496141000141506,858088.961480265,nan,55.0,127.0,207.0,359.0,ok,
DAQO,19,2211557,22,10,0.05,0.5,0.05,0.0,1.0,3000,10.346880969998892,289.94244823136506,3000.0,63.0,151.0,271.0,559.0,ok,
DCQO,19,2211557,22,10,0.05,0.5,0.05,0.1,1.0,1000,,,,,,,,skipped,DCQO_MAX_N
RANDOM,19,2211557,22,10,0.05,0.5,0.05,0.0,1.0,3000,0.003483215999949607,861273.0304532943,nan,55.0,127.0,207.0,367.0,ok,
DAQO,20,2211574,22,10,0.05,0.5,0.05,0.0,1.0,3000,10.393830090000847,288.6327729068886,2999.0,63.0,159.0,271.0,551.0,ok,
DCQO,20,2211574,22,10,0.05,0.5,0.05,0.1,1.0,1000,,,,,,,,skipped,DCQO_MAX_N
RANDOM,20,2211574,22,10,0.05,0.5,0.05,0.0,1.0,3000,0.0034487200009607477,869887.9581886199,nan,47.0,127.0,207.0,359.0,ok,
DAQO,21,2211591,22,10,0.05,0.5,0.05,0.0,1.0,3000,10.346523889998934,289.95245474664523,2999.0,55.0,151.0,271.0,543.0,ok,
DCQO,21,2211591,22,10,0.05,0.5,0.05,0.1,1.0,1000,,,,,,,,skipped,DCQO_MAX_N
RANDOM,21,2211591,22,10,0.05,0.5,0.05,0.0,1.0,3000,0.003462673999820254,866382.4547606066,nan,55.0,127.0,207.0,359.0,ok,
DAQO,22,2211608,22,10,0.05,0.5,0.05,0.0,1.0,3000,10.352234897000017,289.79249696791294,2997.0,63.0,159.0,271.0,551.0,ok,
DCQO,22,2211608,22,10,0.05,0.5,0.05,0.1,1.0,1000,,,,,,,,skipped,DCQO_MAX_N
RANDOM,22,2211608,22,10,0.05,0.5,0.05,0.0,1.0,3000,0.0035122249992127763,854159.4005715507,nan,55.0,127.0,207.0,351.0,ok,
DAQO,23,2211625,22,10,0.05,0.5,0.05,0.0,1.0,3000,10.387054152000928,288.82106091861374,2999.0,71.0,159.0,279.0,567.0,ok,
DCQO,23,2211625,22,10,0.05,0.5,0.05,0.1,1.0,1000,,,,,,,,skipped,DCQO_MAX_N
RANDOM,23,2211625,22,10,0.05,0.5,0.05,0.0,1.0,3000,0.0035105299994029338,854571.8169365412,nan,55.0,127.0,207.0,359.0,ok,
DAQO,24,2211642,22,10,0.05,0.5,0.05,0.0,1.0,3000,10.389891834998707,288.74217822888176,2999.0,63.0,151.0,271.0,535.0,ok,
DCQO,24,2211642,22,10,0.05,0.5,0.05,0.1,1.0,1000,,,,,,,,skipped,DCQO_MAX_N
RANDOM,24,2211642,22,10,0.05,0.5,0.05,0.0,1.0,3000,0.00345452300098259,868426.6971581004,nan,63.0,127.0,207.0,351.0,ok,
DAQO,25,2211659,22,10,0.05,0.5,0.05,0.0,1.0,3000,10.382572103000712,288.94574198362244,3000.0,71.0,151.0,263.0,543.0,ok,
DCQO,25,2211659,22,10,0.05,0.5,0.05,0.1,1.0,1000,,,,,,,,skipped,DCQO_MAX_N
RANDOM,25,2211659,22,10,0.05,0.5,0.05,0.0,1.0,3000,0.0034915390006062808,859219.959874162,nan,63.0,127.0,199.0,351.0,ok,
DAQO,26,2211676,22,10,0.05,0.5,0.05,0.0,1.0,3000,10.371665279000808,289.249596790788,2998.0,55.0,151.0,271.0,551.0,ok,
DCQO,26,2211676,22,10,0.05,0.5,0.05,0.1,1.0,1000,,,,,,,,skipped,DCQO_MAX_N
RANDOM,26,2211676,22,10,0.05,0.5,0.05,0.0,1.0,3000,0.003426601999308332,875502.9036361846,nan,63.0,127.0,207.0,359.0,ok,
DAQO,27,2211693,22,10,0.05,0.5,0.05,0.0,1.0,3000,10.33885078899948,290.16764640727723,2999.0,55.0,151.0,271.0,559.0,ok,
DCQO,27,2211693,22,10,0.05,0.5,0.05,0.1,1.0,1000,,,,,,,,skipped,DCQO_MAX_N
RANDOM,27,2211693,22,10,0.05,0.5,0.05,0.0,1.0,3000,0.0037076360003993614,809140.9188164265,nan,47.0,127.0,207.0,351.0,ok,
DAQO,28,2211710,22,10,0.05,0.5,0.05,0.0,1.0,3000,10.341439330999492,290.0950152081057,3000.0,71.0,151.0,271.0,551.0,ok,
DCQO,28,2211710,22,10,0.05,0.5,0.05,0.1,1.0,1000,,,,,,,,skipped,DCQO_MAX_N
RANDOM,28,2211710,22,10,0.05,0.5,0.05,0.0,1.0,3000,0.00346889399952488,864828.9628944838,nan,47.0,127.0,207.0,359.0,ok,
DAQO,29,2211727,22,10,0.05,0.5,0.05,0.0,1.0,3000,10.382810343000529,288.9391119450064,2998.0,63.0,159.0,279.0,551.0,ok,
DCQO,29,2211727,22,10,0.05,0.5,0.05,0.1,1.0,1000,,,,,,,,skipped,DCQO_MAX_N
RANDOM,29,2211727,22,10,0.05,0.5,0.05,0.0,1.0,3000,0.0033845540001493646,886379.7120292973,nan,63.0,127.0,207.0,367.0,ok,
DAQO,30,2211744,22,10,0.05,0.5,0.05,0.0,1.0,3000,10.350134739999703,289.8512990759467,2998.0,71.0,159.0,271.0,559.0,ok,
DCQO,30,2211744,22,10,0.05,0.5,0.05,0.1,1.0,1000,,,,,,,,skipped,DCQO_MAX_N
RANDOM,30,2211744,22,10,0.05,0.5,0.05,0.0,1.0,3000,0.003502834999380866,856449.1334962271,nan,47.0,127.0,207.0,359.0,ok,
DAQO,31,2211761,22,10,0.05,0.5,0.05,0.0,1.0,3000,10.33963711800061,290.1455791690409,2998.0,55.0,159.0,271.0,543.0,ok,
DCQO,31,2211761,22,10,0.05,0.5,0.05,0.1,1.0,1000,,,,,,,,skipped,DCQO_MAX_N
RANDOM,31,2211761,22,10,0.05,0.5,0.05,0.0,1.0,3000,0.0034798770011548186,862099.4359870856,nan,47.0,127.0,207.0,359.0,ok,
DAQO,32,2211778,22,10,0.05,0.5,0.05,0.0,1.0,3000,10.365193028999784,289.43021047524985,2999.0,71.0,151.0,271.0,543.0,ok,
DCQO,32,2211778,22,10,0.05,0.5,0.05,0.1,1.0,1000,,,,,,,,skipped,DCQO_MAX_N
RANDOM,32,2211778,22,10,0.05,0.5,0.05,0.0,1.0,3000,0.0034152159987570485,878421.7458256917,nan,55.0,127.0,207.0,359.0,ok,
DAQO,33,2211795,22,10,0.05,0.5,0.05,0.0,1.0,3000,10.380178711999179,289.01236512740275,2999.0,63.0,159.0,279.0,559.0,ok,
DCQO,33,2211795,22,10,0.05,0.5,0.05,0.1,1.0,1000,,,,,,,,skipped,DCQO_MAX_N
RANDOM,33,2211795,22,10,0.05,0.5,0.05,0.0,1.0,3000,0.0035019489987462293,856665.8169705105,nan,55.0,127.0,215.0,367.0,ok,
DAQO,34,2211812,22,10,0.05,0.5,0.05,0.0,1.0,3000,10.386493747000713,288.836644307065,2996.0,63.0,151.0,279.0,551.0,ok,
DCQO,34,2211812,22,10,0.05,0.5,0.05,0.1,1.0,1000,,,,,,,,skipped,DCQO_MAX_N
RANDOM,34,2211812,22,10,0.05,0.5,0.05,0.0,1.0,3000,0.0034741790004773065,863513.3651973141,nan,55.0,127.0,207.0,359.0,ok,
DAQO,35,2211829,22,10,0.05,0.5,0.05,0.0,1.0,3000,10.383338114999788,288.9244255338459,2998.0,55.0,159.0,279.0,567.0,ok,
DCQO,35,2211829,22,10,0.05,0.5,0.05,0.1,1.0,1000,,,,,,,,skipped,DCQO_MAX_N
RANDOM,35,2211829,22,10,0.05,0.5,0.05,0.0,1.0,3000,0.003493000000162283,858860.5782595539,nan,63.0,127.0,207.0,359.0,ok,
DAQO,36,2211846,22,10,0.05,0.5,0.05,0.0,1.0,3000,10.361723265001274,289.52713011870145,2997.0,39.0,151.0,271.0,559.0,ok,
DCQO,36,2211846,22,10,0.05,0.5,0.05,0.1,1.0,1000,,,,,,,,skipped,DCQO_MAX_N
RANDOM,36,2211846,22,10,0.05,0.5,0.05,0.0,1.0,3000,0.003493882999464404,858643.5208219297,nan,71.0,127.0,207.0,359.0,ok,
DAQO,37,2211863,22,10,0.05,0.5,0.05,0.0,1.0,3000,10.374793389999468,289.1623849484827,2998.0,87.0,159.0,271.0,559.0,ok,
DCQO,37,2211863,22,10,0.05,0.5,0.05,0.1,1.0,1000,,,,,,,,skipped,DCQO_MAX_N
RANDOM,37,2211863,22,10,0.05,0.5,0.05,0.0,1.0,3000,0.0035186380009690765,852602.6261223129,nan,55.0,127.0,207.0,351.0,ok,
DAQO,38,2211880,22,10,0.05,0.5,0.05,0.0,1.0,3000,10.357297299000493,289.65085324812566,2999.0,47.0,151.0,271.0,535.0,ok,
DCQO,38,2211880,22,10,0.05,0.5,0.05,0.1,1.0,1000,,,,,,,,skipped,DCQO_MAX_N
RANDOM,38,2211880,22,10,0.05,0.5,0.05,0.0,1.0,3000,0.0034935170006065164,858733.4767454013,nan,63.0,127.0,207.0,351.0,ok,
DAQO,39,2211897,22,10,0.05,0.5,0.05,0.0,1.0,3000,10.381448763000662,288.97700778449706,2999.0,63.0,159.0,279.0,559.0,ok,
DCQO,39,2211897,22,10,0.05,0.5,0.05,0.1,1.0,1000,,,,,,,,skipped,DCQO_MAX_N
RANDOM,39,2211897,22,10,0.05,0.5,0.05,0.0,1.0,3000,0.003664310999738518,818707.8007882184,nan,63.0,127.0,207.0,351.0,ok,
DAQO,40,2211914,22,10,0.05,0.5,0.05,0.0,1.0,3000,10.373899784999594,289.1872933202928,2999.0,63.0,159.0,271.0,559.0,ok,
DCQO,40,2211914,22,10,0.05,0.5,0.05,0.1,1.0,1000,,,,,,,,skipped,DCQO_MAX_N
RANDOM,40,2211914,22,10,0.05,0.5,0.05,0.0,1.0,3000,0.003732217999640852,803811.5673545026,nan,47.0,127.0,207.0,351.0,ok,
DAQO,41,2211931,22,10,0.05,0.5,0.05,0.0,1.0,3000,10.340193906999048,290.1299556838452,2999.0,79.0,159.0,271.0,567.0,ok,
DCQO,41,2211931,22,10,0.05,0.5,0.05,0.1,1.0,1000,,,,,,,,skipped,DCQO_MAX_N
RANDOM,41,2211931,22,10,0.05,0.5,0.05,0.0,1.0,3000,0.003470410001682467,864451.1739378314,nan,55.0,127.0,207.0,351.0,ok,
DAQO,42,2211948,22,10,0.05,0.5,0.05,0.0,1.0,3000,10.32363677399917,290.595268477066,2995.0,63.0,151.0,271.0,551.0,ok,
DCQO,42,2211948,22,10,0.05,0.5,0.05,0.1,1.0,1000,,,,,,,,skipped,DCQO_MAX_N
RANDOM,42,2211948,22,10,0.05,0.5,0.05,0.0,1.0,3000,0.0034641649999684887,866009.5578666978,nan,63.0,127.0,199.0,359.0,ok,
DAQO,43,2211965,22,10,0.05,0.5,0.05,0.0,1.0,3000,10.348693418998664,289.8916683039857,3000.0,63.0,159.0,271.0,559.0,ok,
DCQO,43,2211965,22,10,0.05,0.5,0.05,0.1,1.0,1000,,,,,,,,skipped,DCQO_MAX_N
RANDOM,43,2211965,22,10,0.05,0.5,0.05,0.0,1.0,3000,0.003491030000077444,859345.2362006195,nan,63.0,127.0,207.0,359.0,ok,
DAQO,44,2211982,22,10,0.05,0.5,0.05,0.0,1.0,3000,10.331020835001254,290.3875665254755,2999.0,79.0,151.0,271.0,527.0,ok,
DCQO,44,2211982,22,10,0.05,0.5,0.05,0.1,1.0,1000,,,,,,,,skipped,DCQO_MAX_N
RANDOM,44,2211982,22,10,0.05,0.5,0.05,0.0,1.0,3000,0.003360584001711686,892701.9822959267,nan,71.0,127.0,207.0,359.0,ok,
DAQO,45,2211999,22,10,0.05,0.5,0.05,0.0,1.0,3000,10.339569203999417,290.14748494933224,2997.0,79.0,151.0,271.0,543.0,ok,
DCQO,45,2211999,22,10,0.05,0.5,0.05,0.1,1.0,1000,,,,,,,,skipped,DCQO_MAX_N
RANDOM,45,2211999,22,10,0.05,0.5,0.05,0.0,1.0,3000,0.0035070009998889873,855431.7492623937,nan,47.0,127.0,207.0,351.0,ok,
DAQO,46,2212016,22,10,0.05,0.5,0.05,0.0,1.0,3000,10.389881946000969,288.74245305113305,2996.0,79.0,159.0,271.0,543.0,ok,
DCQO,46,2212016,22,10,0.05,0.5,0.05,0.1,1.0,1000,,,,,,,,skipped,DCQO_MAX_N
RANDOM,46,2212016,22,10,0.05,0.5,0.05,0.0,1.0,3000,0.0035220879999542376,851767.4743047246,nan,55.0,127.0,207.0,359.0,ok,
DAQO,47,2212033,22,10,0.05,0.5,0.05,0.0,1.0,3000,10.321982608000326,290.641838291296,2999.0,71.0,159.0,271.0,543.0,ok,
DCQO,47,2212033,22,10,0.05,0.5,0.05,0.1,1.0,1000,,,,,,,,skipped,DCQO_MAX_N
RANDOM,47,2212033,22,10,0.05,0.5,0.05,0.0,1.0,3000,0.0034507840009609936,869367.6564990864,nan,55.0,127.0,207.0,359.0,ok,
DAQO,48,2212050,22,10,0.05,0.5,0.05,0.0,1.0,3000,10.363602716000969,289.474624048269,2997.0,63.0,151.0,271.0,551.0,ok,
DCQO,48,2212050,22,10,0.05,0.5,0.05,0.1,1.0,1000,,,,,,,,skipped,DCQO_MAX_N
RANDOM,48,2212050,22,10,0.05,0.5,0.05,0.0,1.0,3000,0.0034878930000559194,860118.1286099954,nan,63.0,127.0,207.0,359.0,ok,
DAQO,49,2212067,22,10,0.05,0.5,0.05,0.0,1.0,3000,10.328869892000512,290.448038494844,2998.0,47.0,151.0,271.0,543.0,ok,
DCQO,49,2212067,22,10,0.05,0.5,0.05,0.1,1.0,1000,,,,,,,,skipped,DCQO_MAX_N
RANDOM,49,2212067,22,10,0.05,0.5,0.05,0.0,1.0,3000,0.003428539001106401,875008.2758375768,nan,55.0,127.0,207.0,351.0,ok,
DAQO,0,2411234,24,10,0.05,0.5,0.05,0.0,1.0,3000,16.136958353999944,185.90864115704778,3000.0,76.0,196.0,332.0,660.0,ok,
DCQO,0,2411234,24,10,0.05,0.5,0.05,0.1,1.0,1000,,,,,,,,skipped,DCQO_MAX_N
RANDOM,0,2411234,24,10,0.05,0.5,0.05,0.0,1.0,3000,0.003739519999726326,802241.9990318416,nan,80.0,156.0,244.0,416.0,ok,
DAQO,1,2411251,24,10,0.05,0.5,0.05,0.0,1.0,3000,16.130904331001148,185.9784137603777,3000.0,80.0,192.0,332.0,648.0,ok,
DCQO,1,2411251,24,10,0.05,0.5,0.05,0.1,1.0,1000,,,,,,,,skipped,DCQO_MAX_N
RANDOM,1,2411251,24,10,0.05,0.5,0.05,0.0,1.0,3000,0.003683795999677386,814377.3434421258,nan,68.0,160.0,248.0,416.0,ok,
DAQO,2,2411268,24,10,0.05,0.5,0.05,0.0,1.0,3000,16.10529619100089,186.2741277416743,3000.0,84.0,192.0,336.0,656.0,ok,
DCQO,2,2411268,24,10,0.05,0.5,0.05,0.1,1.0,1000,,,,,,,,skipped,DCQO_MAX_N
RANDOM,2,2411268,24,10,0.05,0.5,0.05,0.0,1.0,3000,0.0037682519996451447,796125.0999886709,nan,80.0,156.0,248.0,420.0,ok,
DAQO,3,2411285,24,10,0.05,0.5,0.05,0.0,1.0,3000,16.06259754200073,186.76929383031313,3000.0,68.0,192.0,332.0,640.0,ok,
DCQO,3,2411285,24,10,0.05,0.5,0.05,0.1,1.0,1000,,,,,,,,skipped,DCQO_MAX_N
RANDOM,3,2411285,24,10,0.05,0.5,0.05,0.0,1.0,3000,0.003782611000133329,793102.965093227,nan,80.0,156.0,248.0,420.0,ok,
DAQO,4,2411302,24,10,0.05,0.5,0.05,0.0,1.0,3000,16.036295679999967,187.07562269143733,3000.0,84.0,196.0,340.0,664.0,ok,
DCQO,4,2411302,24,10,0.05,0.5,0.05,0.1,1.0,1000,,,,,,,,skipped,DCQO_MAX_N
RANDOM,4,2411302,24,10,0.05,0.5,0.05,0.0,1.0,3000,0.0036795119995076675,815325.5106659284,nan,64.0,156.0,248.0,416.0,ok,
DAQO,5,2411319,24,10,0.05,0.5,0.05,0.0,1.0,3000,16.088099963000786,186.4732321964286,3000.0,96.0,196.0,340.0,692.0,ok,
DCQO,5,2411319,24,10,0.05,0.5,0.05,0.1,1.0,1000,,,,,,,,skipped,DCQO_MAX_N
RANDOM,5,2411319,24,10,0.05,0.5,0.05,0.0,1.0,3000,0.003755560999707086,798815.4100636321,nan,72.0,156.0,248.0,424.0,ok,
DAQO,6,2411336,24,10,0.05,0.5,0.05,0.0,1.0,3000,16.09210701700067,186.42679897856877,3000.0,88.0,192.0,336.0,628.0,ok,
DCQO,6,2411336,24,10,0.05,0.5,0.05,0.1,1.0,1000,,,,,,,,skipped,DCQO_MAX_N
RANDOM,6,2411336,24,10,0.05,0.5,0.05,0.0,1.0,3000,0.00369576399862126,811740.143883424,nan,88.0,156.0,248.0,420.0,ok,
DAQO,7,2411353,24,10,0.05,0.5,0.05,0.0,1.0,3000,16.06408420400112,186.7520091343136,3000.0,80.0,196.0,336.0,664.0,ok,
DCQO,7,2411353,24,10,0.05,0.5,0.05,0.1,1.0,1000,,,,,,,,skipped,DCQO_MAX_N
RANDOM,7,2411353,24,10,0.05,0.5,0.05,0.0,1.0,3000,0.0037238910008454695,805608.9717230934,nan,72.0,156.0,248.0,428.0,ok,
DAQO,8,2411370,24,10,0.05,0.5,0.05,0.0,1.0,3000,16.030546238998795,187.14271836237617,3000.0,84.0,196.0,336.0,644.0,ok,
DCQO,8,2411370,24,10,0.05,0.5,0.05,0.1,1.0,1000,,,,,,,,skipped,DCQO_MAX_N
RANDOM,8,2411370,24,10,0.05,0.5,0.05,0.0,1.0,3000,0.003856800998619292,777846.7183227704,nan,60.0,156.0,248.0,428.0,ok,
DAQO,9,2411387,24,10,0.05,0.5,0.05,0.0,1.0,3000,16.017097137000746,187.29985679301186,3000.0,92.0,196.0,340.0,676.0,ok,
DCQO,9,2411387,24,10,0.05,0.5,0.05,0.1,1.0,1000,,,,,,,,skipped,DCQO_MAX_N
RANDOM,9,2411387,24,10,0.05,0.5,0.05,0.0,1.0,3000,0.0037914179993094876,791260.6841414941,nan,80.0,156.0,248.0,416.0,ok,
DAQO,10,2411404,24,10,0.05,0.5,0.05,0.0,1.0,3000,16.037592644999677,187.06049382887667,3000.0,88.0,200.0,340.0,668.0,ok,
DCQO,10,2411404,24,10,0.05,0.5,0.05,0.1,1.0,1000,,,,,,,,skipped,DCQO_MAX_N
RANDOM,10,2411404,24,10,0.05,0.5,0.05,0.0,1.0,3000,0.003659518999484135,819779.8673604088,nan,72.0,156.0,252.0,424.0,ok,
DAQO,11,2411421,24,10,0.05,0.5,0.05,0.0,1.0,3000,15.97548737500074,187.7876980889205,2999.0,84.0,192.0,332.0,664.0,ok,
DCQO,11,2411421,24,10,0.05,0.5,0.05,0.1,1.0,1000,,,,,,,,skipped,DCQO_MAX_N
RANDOM,11,2411421,24,10,0.05,0.5,0.05,0.0,1.0,3000,0.0037070560010761255,809267.5155511885,nan,68.0,156.0,252.0,428.0,ok,
DAQO,12,2411438,24,10,0.05,0.5,0.05,0.0,1.0,3000,15.999394602000393,187.5070947762556,3000.0,96.0,196.0,344.0,644.0,ok,
DCQO,12,2411438,24,10,0.05,0.5,0.05,0.1,1.0,1000,,,,,,,,skipped,DCQO_MAX_N
RANDOM,12,2411438,24,10,0.05,0.5,0.05,0.0,1.0,3000,0.0037480209994100733,800422.4097122697,nan,68.0,156.0,248.0,424.0,ok,
DAQO,13,2411455,24,10,0.05,0.5,0.05,0.0,1.0,3000,16.04779473400049,186.94157357608114,3000.0,88.0,196.0,340.0,648.0,ok,
DCQO,13,2411455,24,10,0.05,0.5,0.05,0.1,1.0,1000,,,,,,,,skipped,DCQO_MAX_N
RANDOM,13,2411455,24,10,0.05,0.5,0.05,0.0,1.0,3000,0.0037770789986097952,794264.5629345296,nan,72.0,156.0,248.0,428.0,ok,
DAQO,14,2411472,24,10,0.05,0.5,0.05,0.0,1.0,3000,16.000928175999434,187.48912356845932,2999.0,88.0,196.0,332.0,660.0,ok,
DCQO,14,2411472,24,10,0.05,0.5,0.05,0.1,1.0,1000,,,,,,,,skipped,DCQO_MAX_N
RANDOM,14,2411472,24,10,0.05,0.5,0.05,0.0,1.0,3000,0.0037146280010347255,807617.8823732382,nan,84.0,156.0,252.0,424.0,ok,
DAQO,15,2411489,24,10,0.05,0.5,0.05,0.0,1.0,3000,15.993251179999788,187.57912110775965,2999.0,68.0,192.0,332.0,664.0,ok,
DCQO,15,2411489,24,10,0.05,0.5,0.05,0.1,1.0,1000,,,,,,,,skipped,DCQO_MAX_N
RANDOM,15,2411489,24,10,0.05,0.5,0.05,0.0,1.0,3000,0.0037986009992891923,789764.4423726974,nan,64.0,156.0,252.0,424.0,ok,
DAQO,16,2411506,24,10,0.05,0.5,0.05,0.0,1.0,3000,16.027858340999956,187.1741025016343,3000.0,104.0,196.0,336.0,652.0,ok,
DCQO,16,2411506,24,10,0.05,0.5,0.05,0.1,1.0,1000,,,,,,,,skipped,DCQO_MAX_N
RANDOM,16,2411506,24,10,0.05,0.5,0.05,0.0,1.0,3000,0.0036737819991685683,816597.1744319464,nan,76.0,156.0,248.0,416.0,ok,
